date,calm,joy,unified,reflection,community,generosity,patience,clarity,healing,effort
2023-12-29 00:00:00.000000,6,7,7,7,8,9,6,7,8,8
2023-12-30 00:00:00.000000,7,6,7,5,8,7,8,9,8,8
2023-12-31 00:00:00.000000,8,8,8,8,8,8,8,8,8,8
2024-01-01 00:00:00.000000,7,7,7,7,6,7,7,7,6,7
2024-01-02 00:00:00.000000,7,8,6,6,7,7,6,6,5,7
2024-01-03 00:00:00.000000,7,8,8,7,8,8,5,5,8,9
2024-01-04 00:00:00.000000,8,9,8,8,8,8,8,8,8,9
2024-01-05 00:00:00.000000,8,8,8,7,8,8,8,8,8,9
2024-01-06 00:00:00.000000,9,9,8,7,9,9,9,8,8,8
2024-01-07 00:00:00.000000,7,8,8,7,7,8,8,8,7,9
2024-01-13 15:43:57.622331,8,8,8,8,8,8,8,8,8,8
